Cluster,CustomerID,Age,AnnualIncome,SpendingScore,YearsCustomer
0,10.0,26.166666666666668,29.833333333333332,85.66666666666667,3.0
1,10.4,40.4,68.4,37.6,10.0
2,11.25,49.0,84.25,19.5,15.75
3,10.6,32.2,47.0,65.8,6.0
